gene	uorf_tx_count	non_uorf_tx_count	delta_log_fc_xrn1smg6	delta_log_fc_xrn1upf1
UBE4B	1	2	3.8990986254382927	3.654287015940208
MFN2	1	0	-0.25558769430302064	0.21948140220798962
MIIP	1	0	-0.04016601167826295	1.0406654493470313
FBLIM1	3	1	0.48109153495647483	0.18743727794426768
SPEN	1	0	-0.43114520957511715	0.19658758136766608
PNRC2	2	0	-0.037423361066533545	0.6297021732028263
MED18	1	0	0.17771878491215176	0.36035500100025075
NCDN	2	1	0.2525597106233646	-1.0049759855699465
AGO3	4	0	0.6359311096805911	0.7036976436437321
IPO13	1	1	2.8331603625835173	13.677537498629038
DPH2	1	1	0.2407112751939735	0.4293390126692067
TMEM69	1	0	0.5129413434061334	0.13568394801411188
CDKN2C	2	0	-0.553283725476323	-0.4216021102925609
PRPF38A	1	0	0.280206908103267	0.12161287037704227
MRPL37	1	0	-0.01847360561044198	0.18486388531416154
NFIA	1	3	-0.810617179970776	-1.59111604021475
ATG4C	2	0	0.7549308728456765	0.6796571432662084
LEPR	1	1	-0.18103521290955982	0.15193426971369917
TYW3	1	0	0.10053716678741864	0.26823873587851566
PRKACB	2	3	-2.517535041997369	-1.461062962942192
LMO4	1	1	-0.9789090565917179	-0.5379853933469495
GPSM2	1	0	0.19429095599822332	0.3274993887970368
GNAI3	1	0	-0.1304689602162341	0.056638240621943226
AMPD2	2	3	-0.2181291898657205	-0.4386346277580204
CEPT1	1	1	13.117874222127604	13.087831210123007
MOV10	1	3	0.8752047194790904	1.1420661321684311
LRIG2	1	0	2.9827194358881925	3.06760224478049
DCLRE1B	1	0	-0.07893253050772842	-0.26652781723193186
ATP1A1	1	0	1.2931788155319612	0.661153478879493
FAM72B	1	1	-1.1994734986522309	-0.0883766661111875
NOTCH2NL	1	1	14.42848625494303	1.278601701122148
TXNIP	1	0	1.3312252538767844	2.2662287677047885
RNF115	1	0	0.91608921503965135	1.1479821299899449
BCL9	1	0	0.6496654767265131	0.7608170237534626
MRPS21	2	0	-0.07354228573782606	-0.29312973592321967
PRPF3	1	0	0.5038464653593167	0.7176093053868655
PRUNE	2	3	1.1996784509021647	0.800722592256916
CHTOP	2	2	1.480091514886567	1.6494547842688503
CREB3L4	2	2	-14.505014087121873	-12.766174838264611
CKS1B	1	2	-0.1313242713845657	-0.23898838959667845
SYT11	1	0	-0.5080709719438943	-0.7297510807573673
SLC25A44	1	0	0.659247432699992	0.7963118873133972
PRCC	1	0	0.07152596616407436	0.14050242443800443
UHMK1	1	0	0.7187759993479741	0.11971315933784332
NUF2	2	0	-0.1066074146865077	0.28425972841939284
POGK	1	1	-1.0415757040002447	0.0403860472136941
DCAF6	2	1	-3.7004685554270496	-1.8540362740634433
METTL13	1	2	-0.021661052196114243	0.36730400875800306
ZBTB37	3	0	0.34328908194164853	0.9538923024320436
FAM20B	1	0	0.44945937781127654	0.46700637629704644
SOAT1	1	0	0.22518478241436313	0.5687033580103282
DHX9	1	0	0.6367866661220845	0.44327755077019404
LAMC1	1	0	1.3487817269753286	0.8214375180322815
C1orf21	1	0	0.14479770477451837	0.140043456522001
C1orf27	2	0	0.9053183607882502	2.0661239562692515
TROVE2	1	3	-0.1964449377674402	0.1539375120075368
ATP2B4	1	1	-2.4995662473946956	-1.6809611137396556
ZC3H11A	4	1	0.2819214467442528	0.29672057243129757
ATF3	1	2	-0.0074000195006282965	0.08944534926463898
H3F3A	3	1	0.8416536534408632	-0.87828388178675
RNF187	1	0	-0.46657536347695583	-0.42422780705695473
TSNAX	1	0	0.4933630044297246	0.28151748720834036
MTR	1	0	-0.5414679555549302	-0.7192012868373521
SDCCAG8	1	0	0.5569004375566067	1.4198712496999235
C1orf159	3	0	0	0
SDF4	2	0	0.11203565737231003	0.40340545524210114
UBE2J2	3	1	14.819592584756286	2.2625005506590448
AURKAIP1	3	1	1.5483373397115985	-0.48705458295403947
GNB1	1	0	-0.07754352461099856	0.027027199473227626
RERE	2	1	0.22462360408983584	0.9790547502513705
ENO1	1	0	-0.28511859214406243	-0.1589631656971946
CTNNBIP1	4	0	-0.4839665116365808	-1.054956893368555
CASZ1	2	0	-12.457273989811764	-12.457273989811764
EIF4G3	3	0	-1.1782536559021928	0.2917462132655082
STPG1	3	0	0.5241753296571972	-0.3628719791340558
WASF2	1	0	-0.008969842375748271	-0.02630796302665317
IFI6	3	0	-16.419762258075448	-1.6550619745141297
TAF12	1	1	0.32652255498166705	0.9542785974318
MECR	1	1	-18.052807281964814	-16.32674515660719
YARS	1	0	0.24018349682007312	0.4309852565577472
PHC2	1	2	-1.4534443862849853	-1.9914866904333308
ZMYM6	1	0	-0.27337637426996153	-0.1554455284543117
LSM10	1	0	0.1907489033523575	0.1107989105979712
PABPC4	1	2	-0.18752323094405368	-0.28255214675503787
ELOVL1	1	0	1.1029813211111446	1.3933164181928532
EIF2B3	2	0	0.25521311547144876	0.17518847162024187
GPBP1L1	1	0	0.2463181109113073	0.39537912126375474
GNG12	1	0	-0.08158185152950992	0.07253869688505432
WLS	2	0	0.1818199462303376	0.15868867856128333
ANKRD13C	2	0	0.39015726635368253	0.7569381371787252
ZZZ3	2	0	0.7170014735567491	0.820565059842675
USP33	2	0	0.2220718953097638	0.44893971107724084
ODF2L	2	1	0.527081148314209	15.462827481476852
RBMXL1	1	0	0.12349882031045567	0.33063146678665944
FRRS1	1	0	0.4914376119951491	0.20372644783802585
EXTL2	1	0	0.823760194593536	0.8081243432833212
WDR47	2	1	16.948305106428947	16.79492057257399
LRIF1	1	2	0.3922011623533381	-0.17679076675782046
IGSF3	1	1	0.7346875189497357	0.9051835079253578
NOTCH2	1	0	1.514464311258056	0.9132386995814947
FAM72D	1	0	0.2703712965057612	0.1627584078294717
ACP6	1	0	1.1966204738760329	0.9394359763700972
SV2A	2	0	0.9375392281174797	0.754738587077977
ARNT	1	2	-15.113191662157673	0.6979339456427169
CERS2	1	1	0.9353672107465538	0.40091025943177705
LYSMD1	2	0	1.3223091087119592	1.473546177371432
PI4KB	3	2	-0.8502332436673968	-0.2951931883277342
POGZ	1	1	15.031847542278568	11.90354148539072
GATAD2B	1	0	-0.025697303998718724	-0.053764163315729974
C1orf43	4	2	0.3744724459074895	1.9817192232676142
PMVK	1	0	0.2794878310942899	0.6043286774039025
FAM189B	1	1	-0.4128812484234916	-0.7079006790923135
GPATCH4	1	1	0.15672168258485542	0.09585169410560823
CRABP2	1	1	0.16552337512501225	15.97906841524259
ISG20L2	2	0	-0.13735071900009999	0.09454980927795376
F11R	1	0	0.7759229025959922	1.2129317032160465
DEDD	2	2	-0.2848064735002249	0.3449184748977478
B4GALT3	1	1	0.9334699487601816	1.237352856627752
CENPL	3	0	1.034553366370318	1.207408484463155
TOR1AIP2	2	0	-0.02080732705581667	0.1283504253007557
GLUL	2	1	-0.2499575430314449	-0.6570278618695067
ARPC5	2	1	20.17796663165835	-0.44870749538938526
TPR	1	0	0.24183986281733993	0.504172586394084
ASPM	1	1	-0.49988489885049714	-0.12758138582994571
UBE2T	1	0	0.03001592167543876	-0.08674640359230068
NUCKS1	1	0	-0.003076012482175372	0.03400759903839656
PTPN14	1	0	-1.025360320291524	-0.10588420657038888
NVL	1	1	-1.352028907224996	-1.14898855056435
MRPL55	4	14	-0.9700650635800407	-1.014599328130668
HEATR1	2	0	-1.4214218066495228	0.1665635105121126
AKT3	2	1	-0.8567963971170949	-0.7429664477611015
HNRNPU	1	1	-0.4209190147872339	-0.0036221126836957496
RPS7	1	2	-2.1870918281321376	-1.9709984425443903
TRIB2	1	0	0.5290026782104924	0.5915697347311912
RHOB	1	0	0.08368649327731958	0.5222560016540854
CENPO	2	1	0.4078043917291012	1.0352436229020334
CENPA	2	0	-0.6040046737131064	0.5202238973354163
SNX17	1	0	0.055080378768131766	0.7614651450767127
NRBP1	1	1	0.13093798586888727	0.00582525098960307
LCLAT1	3	0	2.047020357438564	2.0833383936844374
YIPF4	1	0	0.5674491304146443	0.5608346614312154
TTC27	1	0	0.27437933352782196	0.5262010079399602
GEMIN6	1	0	-0.2592153300705604	-0.3379794368181521
EML4	1	0	0.607942332384992	0.6693325351527246
PAPOLG	1	0	0.21014791054703608	0.2456368704452494
MDH1	1	0	-0.40382630695849997	-0.43447366696702616
ACTR2	2	0	-0.7216910035869191	-0.4832038649499246
MEIS1	1	1	-0.39147022267669707	0.11323387897258597
MPHOSPH10	1	0	-0.19939471650246787	0.05024144522940688
MAT2A	1	0	0.426180132453549	0.5564597249990264
RMND5A	1	0	1.1682088716766685	1.6348245441422122
MRPL30	1	0	0.5205948156543201	0.5747877390069291
SLC20A1	1	0	1.8876990035133048	2.033525099785063
ACTR3	1	0	0.029431771712665977	-0.06887907322526132
DBI	2	2	-1.0583451601232596	2.1334179267716658
R3HDM1	1	0	0.6944880917892959	0.5802556040536402
MARCH7	1	1	0.3334038060536568	0.8277764275472004
PPIG	1	1	-0.8430871782344631	-1.0866527622251823
DYNC1I2	4	5	-0.6186428376002853	-0.8480152765564287
HOXD3	1	2	2.2678953135951865	-9.125075077568786
MTX2	1	0	0.467068364574569	0.23232910082677805
PLEKHA3	1	0	0.41964195525265957	0.27023536156705497
DNAJC10	1	0	0.7254425956259922	0.7682089980124012
PMS1	2	0	0.46062008935395227	0.6218300755484769
GLS	2	0	0.8981493580725601	0.73067597986749
SLC39A10	1	1	-0.2148676022705054	-0.5387142237954237
STRADB	2	0	-0.06284105450479771	0.17182777600533328
ABI2	1	0	0.5491495406998546	0.8351589294707722
EEF1B2	1	2	0.18406501926466734	1.0989479208980941
RQCD1	1	0	0.21205638195786847	-0.24770897785439416
BCS1L	3	4	1.0251715966341712	-1.1195352438439243
TTLL4	1	0	0.3779527930769575	0.393635302357918
ACSL3	2	0	0.041629944094900395	-0.08596639660984096
RHBDD1	1	0	0.2985901099572281	0.7756094764117485
PTMA	2	0	-0.4225802701531052	-0.48071484891225325
GIGYF2	2	1	0.4200106110796052	-0.20354232804163896
ATG16L1	3	0	0.6071873826819179	0.32744895728655976
SEPT2	2	2	0.8075668331142812	0.41361071294476326
KIDINS220	3	0	-1.839580040161028	0.48860265776392
ODC1	1	1	-0.0023280051926910517	-0.12689526764647852
PDIA6	1	0	0.8875696533267714	0.9465019675602342
DNMT3A	2	2	0.6370576056384472	0.9628551019533185
PREB	1	0	-0.16038072259791036	0.5784466119438747
SLC5A6	2	0	0.1767084706498494	0.9044153198490612
GTF3C2	1	1	-0.3217468091016471	-14.355626038120693
PPM1G	1	0	-0.1909132584683455	-0.2785459503737435
DPY30	1	1	-2.6720904064973263	-1.7306136265965337
EIF2AK2	2	0	0.6091204521899201	0.5296578257416016
CDC42EP3	1	0	-0.14263868436266947	0.17328639932719447
SRSF7	1	0	0.5552637027258029	0.6662662066667941
THADA	1	1	-1.7127501187339682	0.42485264227630815
PREPL	1	5	-0.4419357847291061	-0.04498191649179317
MCFD2	1	4	-0.37166243441783564	-0.3376227693182017
XPO1	1	2	0.21985277625743072	-0.22837390080595776
C1D	1	2	-1.6568760410034837	-1.064867022470863
PPP3R1	1	0	-0.29604635642137467	-0.08823956406554245
TIA1	2	0	0.8303382523604554	1.0639943003488632
PAIP2B	1	0	-0.04744126241113378	0.08775223333946869
CCDC142	1	0	1.6804489922779773	2.2858256069917395
GGCX	2	0	-0.37557496496131293	-18.29726483875085
IMMT	2	1	0.6571924237423907	-0.42506244451399056
RNF103	1	0	-0.135904543479473	0.6175834483820761
KANSL3	1	0	-0.15396271310288512	0.8625519523818248
FAHD2B	2	0	0.2551803629414522	0.15989794590463546
RNF149	1	0	0.2058663439886974	0.2124734857915982
IWS1	1	0	0.35100632712283897	0.34928900841201127
FAM168B	1	1	-13.272448403313149	3.9770435780589715
ORC4	2	1	0.021773658877464186	0.10519124520680379
ARL5A	1	1	-0.7969294144171659	-0.8762461910972213
TFPI	3	1	0.763908502652157	1.4953704340956013
STAT1	3	0	0.19306693191945712	0.2602250575910361
STK17B	1	1	-0.1916538462025592	-13.528275783858067
PPIL3	2	1	-1.061550565517569	0.7014726748312994
ORC2	1	0	0.6200801906100644	0.9316933168047754
FAM126B	1	0	-0.35826467524798744	0.291355832987783
TRAK2	1	0	1.1699916374905879	0.9010161490846382
SUMO1	2	0	-0.008718756533152572	-0.11083399502579994
NDUFS1	2	1	0.309570250593449	0.5469188515455023
FN1	4	0	12.84344129417804	11.759911294260624
USP37	3	0	-0.7480732704423367	-0.45526926239909926
CUL3	1	2	0.008105811992330958	0.3701029994144096
HDLBP	1	2	-1.7027277951373154	-1.5741336969988824
OXNAD1	2	0	0.39674171134493363	0.8846192861738693
RPL15	1	4	0.06738864603687444	0.20453437956005693
RPSA	1	0	0.385216738944127	0.32204418989904227
EIF1B	1	0	0.45919731257782814	0.33835755297678105
RPL14	1	1	-0.20401180435838073	-19.29238490764882
ARIH2	2	0	0.5105990727613019	0.9523153633979966
RBM6	1	0	0.8244921219250294	0.890215169998946
RBM5	1	0	1.8263079799839907	1.9550166617870275
SPCS1	1	1	0.015148863006313462	-11.62056253517758
PDE12	2	0	0.05178922121753615	0.057947660061767436
C3orf14	3	1	-0.586561944045819	-16.623395582804392
ARL13B	3	0	0.8916115283236081	1.2683139131106778
TMEM45A	1	0	-0.22307829564129378	-0.6281599552215482
TFG	1	1	-0.15275474876581807	0.055948114864244225
NXPE3	3	0	-0.3414931334958169	0.32735322415147294
ALCAM	1	1	0.49154182950485037	0.13174028746373523
BBX	2	1	-0.283998585944655	0.02261844158742221
QTRTD1	1	0	-0.1406772251573436	0.8056945489582468
DIRC2	1	0	-1.225529509852798	-0.9024745399808154
SEC61A1	1	1	0.3719189411857941	-1.3798022921654178
ARMC8	4	1	-0.13186621513222574	3.3179439943183002
RNF13	2	0	0.9372943524754156	0.5183785363159004
TIPARP	1	3	0.9106068702457382	0.37193432144533567
SMC4	2	1	-15.874195660808212	-15.129813394496749
GPR160	1	0	0.09104816387797854	-0.28105957337518817
ECT2	1	1	0.3361155025063314	-0.026358125877111727
MFN1	1	1	0.34531360805458533	-14.758419312682502
ACTL6A	1	2	-0.014745311208405276	-0.18854948889291256
FXR1	1	2	12.606872914223764	-1.1235044951606747
B3GNT5	1	2	-12.432842869240682	-15.457574074011516
EIF4G1	1	2	-0.41888498536308916	0.0968709153972318
MAP3K13	1	1	10.077042958848951	10.256527392841408
TADA3	2	1	0.29949678779706845	0.1251303518566158
TAMM41	1	0	0.6119455941073433	0.9346617494265104
RAF1	2	0	0.10104215996244648	0.44629863647381995
CHCHD4	1	1	1.0441150812533966	-0.45767865738438473
AZI2	3	1	-0.41223248342996177	0.08872059415263278
SCAP	1	0	-1.331506821746979	0.5794342030908357
MAP4	1	2	0.34169905155975844	-0.27695923538389255
QRICH1	2	1	-0.17133978576188724	-0.1016750825041477
RHOA	1	0	-0.07879673354462824	-0.08427364605302756
TUSC2	1	0	-0.13390997762884282	0.039711132251344594
TMEM115	1	0	0.4825705558726554	0.40114072239230936
ARF4	1	0	-0.4331553501745482	-0.21366522193037696
ZBTB11	1	0	0.22134415964000986	0.22778601287288858
SPICE1	1	0	-0.14258405792663353	-0.8071131686228483
COX17	2	0	-0.5789588241290637	-0.5659767207518271
ZNF148	3	0	0.2366745130718293	0.19084584140619043
RUVBL1	1	0	-0.3606003305288148	-0.5097950354497023
CNBP	5	0	0.240921300948564	0.5755186042168994
MRPL3	1	0	0.20761773816408535	0.10249397368799151
TFDP2	2	1	0.6378189604104385	0.8898191063693197
WWTR1	2	1	-0.012480589043991852	0.8822568691873208
IFT80	1	0	0.7932389312813086	1.2684222516922894
PDCD10	3	3	0.7523908730580038	-0.38212210834323734
TNIK	1	0	-0.7580027273155494	0.051977030127709156
GNB4	1	1	3.412352507492489	1.6407106352305991
TRA2B	3	0	0.6925997284129188	1.8844972099808288
RFC4	1	1	-0.29225966539872705	-0.7778303916345458
RNF168	1	0	-9.728944773179649e-4	-0.4811136324901444
WDR53	1	0	0.4359456231382417	0.5346966502355563
PIGG	1	3	1.469496671665274	1.4346202825665024
PCGF3	2	0	-0.03799236085629687	-0.9267561989808932
KIAA0232	1	0	0.7116656911638302	0.26665451925036265
PI4K2B	1	0	0.16705438835287012	-0.10118717674852817
STIM2	1	0	0.8883342423044756	-0.09598731847918351
KLF3	1	0	-0.5459214400678647	0.05229680616121257
TMEM33	3	0	1.469107752283012	0.5621729357421259
SLAIN2	1	0	0.6498825710749507	0.798385125646508
OCIAD1	3	4	0.47507033728334536	0.2214415072707192
REST	1	0	-0.22528220718478664	-0.28806509023158
RUFY3	1	1	-0.3948752529125119	0.2940243874937014
DCK	1	0	0.2324569268728851	-0.3954114682998444
ENOPH1	1	0	0.22535917240534076	0.07997836180931728
PTPN13	1	2	2.3116125814149693	2.193929018081898
GSTCD	2	1	16.909462309380253	17.17368539627143
GAR1	1	1	-14.024261859184502	-16.564372684627678
UGT8	1	1	-0.758242013178215	-0.8859037341684388
USP53	1	0	0.3371195066246706	0.26278349642747756
EXOSC9	2	0	1.1238015553458993	0.7320068087786247
PLK4	1	0	0.4117456487402862	0.5671363429304215
NAA15	2	0	-0.08008932220558762	-0.04305622185534119
MGST2	1	0	0.5777533361211908	0.22863500724431418
TMA16	1	0	0.20349979157042952	0.0986175837841401
CPE	1	0	-0.15944468512751797	-0.013373218697026346
CLCN3	2	0	0.6362198997991051	0.37910672937124446
ZNF721	1	1	0.6563774139866072	0.808021436601424
LYAR	2	0	0.05418531013468453	-0.029590068657061153
RFC1	2	0	0.036488085481067856	0.27446923623163144
UGDH	1	1	-0.159360610645354	1.0947686454108048
USP46	1	1	-2.0488807529766735	-1.3563725285876451
KLHL8	1	1	0.2452720360392462	0.12250658197037012
FAM13A	1	2	-2.494644255260885	0.3330602647508005
LAMTOR3	1	0	-0.7538472313570637	-0.792205192256457
UBE2D3	8	1	0.21874121980315664	0.397298264239101
PLA2G12A	1	0	0.34895148298336665	0.47909881420211065
TIFA	1	1	0.7630874279359493	0.3953279435611402
BBS7	2	0	0.366167296196771	0.6230732113800599
CLGN	1	1	0.14858976477045616	0.09515725578278378
MAP9	2	0	-0.4363308141061779	-0.14484616319309396
NAF1	2	0	0.9258634577712286	0.7579202615643794
SH3RF1	1	0	0.13407059059340476	0.16773419002873524
HMGB2	2	1	-0.4510508790830965	-1.1029738461535352
FBXO8	1	0	0.21915389242775873	0.5824035036120208
CASP3	2	0	-1.4961586121837094	-0.8271595274353345
BASP1	1	0	-0.17066022701231276	-0.3536448218949957
TARS	1	1	-16.128298624808107	0.5769640959026106
RAI14	1	4	0.13528737994854367	-0.24535559731910084
SKP2	2	0	0.7139759596367874	0.5728600739626231
SLC1A3	1	0	0.8909056578374965	1.4684655324493008
NIPBL	2	0	0.15609174419740057	0.0032045998251284402
ITGA1	1	0	-1.6241912668864842	0.7385788436493428
SKIV2L2	1	0	0.18114543826173346	0.027129144489720147
CCNB1	1	0	-0.20195094619221976	-0.10632202585156136
CENPH	1	0	0.084846890198164715	0.12077481234756604
GTF2H2C	1	1	1.179697508701683	1.2461102291870791
BDP1	1	0	0.24005954546242592	-0.3416042259620564
PAPD4	1	1	-0.011207025479391897	0.09335268027821253
ZCCHC9	3	1	0.2045010653535665	0.5618855757446839
NR2F1	1	0	-0.7876606844298095	-1.9191980599367309
FAM174A	1	0	0.2325172327508831	0.027464406891660076
PPIP5K2	2	0	-0.1449377937231091	-0.33125119808576997
YTHDC2	1	0	0.19628993181981613	0.6393808779764143
HSPA4	1	0	-0.1840936032881615	0.09576219823169296
SEC24A	1	0	-0.10536620933801899	0.7696820130098878
UBE2D2	1	1	-0.19292444021743904	0.015756873565085705
CXXC5	2	0	0.9012550983723209	0.7225556544028926
RNF14	3	0	0.5608097851045954	0.7952006607920481
RBM27	1	0	0.098485797100615	0.052945957683231626
G3BP1	1	1	0.3898687754938024	0.29800410254433674
MFAP3	2	1	-0.03075314660733164	-0.4981548890411869
ATP6V0E1	1	1	0.6637944847633253	0.9759829883716906
SIMC1	1	2	-0.5283650042169299	-0.7195488326581181
HNRNPAB	1	3	13.279765678730298	0.3208194766221375
NUP155	1	1	-0.4735506519766537	-0.74673534231874
DAB2	1	1	-0.14545744995750098	1.1572578223100514
SLC38A9	1	0	1.803219885229229	2.6267161488783177
IL6ST	2	2	-0.6300397538960028	-0.9957046314144231
DIMT1	1	0	0.20410889388756814	0.5832275846833603
CENPK	1	1	0.46786115005795637	1.112818545566416
TAF9	2	3	-2.627571969243994	-2.9644810299758686
ANKRA2	1	0	0.6299243357874218	0.8110631594618702
GFM2	3	0	0.2431649197557313	0.3130943149241574
LYSMD3	2	0	0.11908978503027612	0.18723759590384503
ELL2	1	0	0.03949867336721269	0.5452596341417753
MCC	1	0	-0.09940172717902662	0.22510057638255354
TMED7	1	0	0.19842707128800186	0.2892815791576062
CDO1	1	0	-0.1494447455191903	0.4233432072406593
ATG12	1	1	0.26320144203979723	0.4836742116943862
FBN2	1	0	-1.58260481233369	-0.3557210807063367
KIF3A	2	0	-0.6479127443855219	-0.9536349286575678
AFF4	1	0	-0.1046818635348501	-0.19257423889248493
SKP1	3	1	-0.6548173923559375	-0.3633594023628888
SAR1B	1	1	1.1985343535840973	-0.6471214082891218
HNRNPA0	1	0	-0.36563821616034886	-0.42872271038413245
FAM13B	3	0	2.261142523627015	2.5843321609434113
ETF1	1	0	-0.2832120275733807	0.19342304360795737
TAF7	1	0	-0.3399008813331541	-0.43550658739708936
YIPF5	2	1	0.6233772493710579	1.6373309950304646
LARS	1	0	0.09690594467496538	0.35907341282334215
CSNK1A1	1	0	0.020104964386806756	0.33863638677783925
TNIP1	1	3	0.9075918205695181	0.07222805784219011
C5orf54	2	0	-0.2817230241539157	-0.43004671331119937
SLU7	1	0	0.16040974157134968	0.3054874557154257
DUSP1	1	0	0.16503458816389482	-0.13720440257288047
KIAA1191	1	2	-0.01524540902793074	-0.4984081048777767
RAB24	2	0	0.9012024967153849	1.2159567021027229
NHP2	1	1	-0.30555250634289266	-1.1140720404406057
PHYKPL	1	0	2.1285979707158535	2.4748026412359128
HNRNPH1	1	2	-1.9459035504721767	-2.1815404825168754
DUSP22	1	1	1.7094051994835517	2.5045027022590127
RIOK1	1	0	0.48637681119513587	0.6428369863271541
TMEM14C	1	1	2.1362902208112584	2.2205082450985345
MYLIP	1	1	-0.4479841450778138	-0.2842384767320863
ID4	1	0	-0.404923792765441	-0.5403207222236865
HIST1H2BD	2	0	-0.11778615227060385	0.00416626555172428
PGBD1	2	0	0.4429632830231611	0.5467980340326619
ZNRD1	1	3	-0.13870056871499464	0.7955845439409388
PPP1R11	1	5	1.076643648599095	2.0490189957540754
TCF19	2	0	0.04943758789138997	0.17809314942673637
PRRC2A	1	1	-2.3784476892150934	-2.6732008130235774
CSNK2B	1	2	0.9179987537544254	-0.38597531620598957
HSPA1B	1	0	0.4495810606659063	0.6900295948093671
C6orf48	6	3	2.7373239132103184	2.468982974379634
RNF5	1	0	0.05291791762144271	-0.09044144610421512
SLC39A7	1	1	-16.727072907184606	-15.868665304993598
HMGA1	5	0	-0.3637496290379225	-0.25963027436934993
PPARD	1	0	-0.5659085571611353	-0.10045219671679995
MAPK14	2	0	0.48598201038658573	0.5679790884022111
CDKN1A	1	2	3.4758944780686347	2.3901123087589933
BYSL	1	0	-0.07632846997270448	-0.04013016500668698
CNPY3	1	0	0.7485254719939007	1.6100170368610769
KLHDC3	1	0	0.005641036725965165	0.43225825241743365
ABCC10	1	1	-3.3474943411715614	-4.181063407305792
CDC5L	1	0	0.2581727004002765	-0.04536901626608625
CD2AP	1	0	-0.8113531306711579	-1.5604598267155971
FAM135A	3	0	0.019483325958752573	0.6701955606084375
SMAP1	1	0	-0.5914382571806662	-0.12566741795260938
SENP6	1	1	-0.3393238070842548	0.006779928763684495
MYO6	2	1	0.4602445211442622	0.019980364532363293
QRSL1	1	1	-1.3360594354551671	-0.24824372775535253
ARMC2	1	0	0.7476077677958841	-0.02240699079457542
FIG4	1	1	0.16564262500599014	0.49791099094600355
GJA1	1	0	0.8255762112162905	0.7650630833485899
RPS12	1	0	0.3693673455971407	0.4713848793406079
TBPL1	1	0	0.3055147509621783	0.3232411975808027
ABRACL	1	1	13.717062857428505	13.730214895701714
LTV1	1	0	-0.07441776998080485	0.013514506998596687
SCAF8	1	0	0.9474029912904154	1.329164912835104
WTAP	1	1	-0.17820116488663285	0.1895880267795702
MRPL18	1	0	0.34323966743693646	0.5993389703564418
TFAP2A	1	2	-0.23266756413467313	-0.1705726130473501
GFOD1	1	0	0.11476520520471212	0.22793441300580497
ZNF322	1	1	0.7955915068760149	-0.3636927793280238
TRIM27	2	0	-0.0026851377840202417	0.3124981289905797
TRIM26	3	0	-1.1887579707814044	-0.5238956946006645
GNL1	1	0	-0.6246118273678984	-0.7937725425522721
PPP1R10	1	0	0.06194110335390235	0.46560476737303347
DHX16	1	1	-16.97627552595919	-16.18854273845401
DDX39B	2	1	-0.26641920738624014	-0.052664457906640205
C6orf47	1	0	-0.02286399738937206	0.3296590949450575
GPANK1	2	3	0.40027637612670564	-13.203095563724897
DDAH2	1	2	-0.7636123856812764	-0.1431000966976006
VARS	1	0	0.2976935490413197	0.7748789922215806
AGPAT1	1	5	-0.08000521407516459	-0.19756217097197437
RXRB	1	0	-1.0160199248923458	-0.9495509161220337
VPS52	1	0	0.039658096815326616	0.18362433076382345
C6orf106	2	1	0.09824868999145764	0.3325489809446951
PPIL1	1	0	-0.29762654573169556	0.23324796086933475
XPO5	1	0	-0.03761272787931347	0.2597712155103693
TNFRSF21	1	0	0.26759141068447434	-3.4354507482525776e-4
RAB23	1	1	-0.4897438850569893	-1.1688180459995174
PHIP	1	0	0.3930230473927452	0.7717608845875041
PGM3	1	0	0.04612365831179588	0.28261142764656455
ME1	1	0	-0.04536325881730363	0.12369024932175066
RNGTT	1	1	0.21842072710105498	-0.11085875515244581
NDUFAF4	1	0	0.5453648859665847	0.6757791377025164
PNISR	1	0	1.6360051370463289	2.268171504096159
CCNC	1	2	0.0809934071230125	-1.1740459569226682
ATG5	1	1	-0.09350668087292113	-0.1825743208071694
SEC63	1	0	1.0876164242842492	0.9934015477606728
WASF1	2	1	0.07715864733376132	0.20655767964924565
FYN	2	3	0.10646939739945349	-15.937005429354238
ZUFSP	1	0	0.7633029895519883	0.8131057130052355
GOPC	1	1	1.942681471407935	1.1380030822520277
MAN1A1	1	0	0.8437946523084321	0.1767432055131657
SERINC1	1	0	0.0394611879642639	0.13856432263156648
HBS1L	3	1	0.22864823606331686	0.24060123172159886
MTFR2	2	0	0.19044768284446079	0.11126072907503826
BCLAF1	2	1	0.8449783768017574	-0.22210917322361404
CITED2	1	2	0.40671656423007274	0.8385542342291052
SF3B5	1	0	-0.05635913613033594	0.10276816252268972
KATNA1	1	1	-1.2502389070115894	-0.40093447227196677
SOD2	4	0	-0.32192730909068246	0.7428592100526856
TCP1	1	1	12.890862021211088	12.919749537701769
AGPAT4	2	0	1.7953751557058926	1.9197075494340847
PSMB1	1	0	-0.11383126191162063	-0.011844095657135512
TTYH3	1	1	1.578892946927038	-1.002950596568535
ZDHHC4	1	4	-0.029459140671180606	-0.9697583882142576
AHR	1	0	-0.17392384055633947	0.5417583938860027
KLHL7	1	1	0.7664915231395564	-0.24028103039062665
MPP6	2	0	-0.029002241857018163	-0.09680402331617444
CBX3	2	0	-0.20619113734825945	-0.3754247790631453
TAX1BP1	2	1	0.3736666556122117	-12.16940514019386
BBS9	2	0	-0.48420475683290753	-0.9227122034391275
ANLN	2	0	0.5090239798024889	0.7234675973106448
EPDR1	1	0	-0.2823466432808672	0.09621666577501742
ZNF107	1	2	0.45113105571467393	-0.7034494840963932
AUTS2	1	2	-0.6885816701711276	1.5223839536522155
CLDN12	2	0	0.2936068800939218	0.19631978344206757
NPTX2	1	0	0.4077265638594465	-0.9452844548276822
TRRAP	1	0	1.0236082719409723	1.1820882383412474
MEPCE	1	0	0.35987414741818924	0.6158384372730659
SRRT	2	0	0.14479847625180398	0.4814686074026966
ORAI2	2	2	0.3949321897944835	-0.598215326348907
ARMC10	1	0	0.12106371677950634	-0.015974467839601658
KMT2E	2	0	0.529144937103478	0.7444834542981482
IFRD1	1	1	1.0852762753355236	-1.2905441894743133
SND1	1	0	0.07424312690512735	0.6004557116270028
HILPDA	1	1	1.14130316802404	-1.7007529178947807
SSBP1	1	4	-0.3461692697879666	0.022121767167613715
CUL1	3	0	0.35205689963859754	0.37500577160295023
LRRC61	3	0	-0.04337125546039644	-0.08958335796848971
CHPF2	1	0	1.096788573854644	2.2105828379262693
DNAJB6	1	0	-0.4250435196063762	-0.43659824427510685
ZFAND2A	1	0	1.588132102025515	2.774080193585746
RNF216	2	0	0.4696379256866905	0.5666590305470436
DAGLB	1	0	15.184830154694842	16.13778778480252
FAM126A	1	0	0.4175696830598241	0.25196645876601664
IGF2BP3	1	0	0.18201497531014255	0.25818122477056704
OSBPL3	1	2	1.3798598957057902	0.8444341644947428
C7orf31	2	0	1.5995823220872936	1.3945924382201458
HNRNPA2B1	1	0	-0.1402998592731315	-0.0987711203502144
FKBP14	1	0	0.61677827606146	1.2949287169961892
KBTBD2	1	0	-0.042716948685178835	-0.08068988476867744
COA1	2	1	-1.0325980473814518	-8.17829744527932
TBRG4	3	1	13.735609082792632	0.5509963119462205
GRB10	5	4	-1.9274794397392676	2.9061894525994907
SEC61G	3	1	-14.212014245435173	-16.427444375828216
ZNF680	1	0	-0.42205156588065407	0.6126751353873168
ERV3-1	1	0	-0.21760062303421357	-0.43921664933098015
BAZ1B	2	0	0.23762442632768455	0.00530859343782808
POM121C	1	0	1.714270243747766	2.1035643061754
SHFM1	1	0	-0.10119152630307937	-0.113927989805088
ASNS	1	1	-3.120386557123594	-3.373709512865599
MCM7	1	0	-0.13266530817093525	0.11885282059799351
TSC22D4	1	0	-0.2151424983306427	0.28437090562095335
PLOD3	1	0	2.3102384122357336	-0.09927940233233556
DNAJC2	1	1	18.640069528656078	1.5533449525276268
PUS7	1	1	0.8404704219750767	1.8212432674186774
TSPAN12	2	0	0.16787401678049818	-1.627879461373917
WASL	1	0	-0.3814241735645112	-0.14519407610969637
GCC1	1	0	-0.23988228227080555	-0.39112535836078877
CHCHD3	1	0	0.08413445258858943	0.18741486370663551
C7orf49	3	0	0.2019828315383414	0.32347254590943564
ZC3HAV1	2	0	-0.4467233996621154	-0.25721470436718263
SLC37A3	3	0	0.4139358282157666	0.6661870528191507
FAM115A	2	0	-0.2972260740335919	-0.5078839070034213
SMARCD3	2	1	-2.0748341982329173	13.68028481487759
RHEB	1	0	-0.12944938376184112	-0.046686761861924
NCAPG2	3	0	-0.16859794996937083	0.5002109987394334
VPS37A	1	1	-1.3771187666328801	-1.5054908608155038
PCM1	1	0	0.40705768757598904	0.6240817101902252
R3HCC1	2	0	0.4298960841800543	0.6735620889358778
DOCK5	1	1	-15.888785521340383	-15.888785521340383
PPP2R2A	1	0	0.8257880933457606	1.505458433939733
ASH2L	2	2	0.39795514353932826	0.9912818755362227
ADAM9	1	0	0.5658386314926176	1.0827860495872415
GINS4	1	2	11.478632312094371	10.799710160346056
AGPAT6	1	0	0.7317034396500741	1.197710804736177
AP3M2	3	0	0.6809067154820596	0.9096285701541085
POLB	1	0	0.8010545035174808	0.7226681805956332
POMK	1	0	-0.5242246058042674	-0.49446909465351396
RAB2A	1	0	-0.09159427105493734	-0.12410289119803508
RRS1	1	0	0.10632026517923521	0.05450350965902828
ZBTB10	2	1	0.3892507370010553	14.631066377157456
WWP1	1	0	0.19544973382018682	0.31955852375158855
CPNE3	1	0	-0.6058064221932931	-0.9417419232861874
OTUD6B	1	1	-0.23843103657191467	-1.9360950134558617
SDC2	1	0	-0.44583781351174423	-0.2578374947119606
POLR2K	1	0	-0.22615876359267162	-0.42223332703424177
ZNF707	3	1	-14.966705917583548	-0.6787118732355566
GPAA1	1	1	33.91612115649727	34.127034859225795
SLC52A2	5	0	1.0930850374565377	2.3208114101390667
CTSB	4	4	-0.8636783567753739	-14.817411646080316
REEP4	2	0	0.31627165574239413	0.5658496605920007
TNFRSF10B	2	0	0.9540275611795117	1.1038044098624837
TNFRSF10D	1	0	1.9748516384484844	1.504226002502456
CCDC25	1	0	0.7697772444984992	0.8278928947210744
LSM1	1	0	0.21652638833084126	0.3244202388328148
KAT6A	3	0	-0.34786642952792945	-0.1682191979303962
PLAT	2	1	15.012408942696545	15.673403533082778
ATP6V1H	2	1	1.0233275577773266	1.2210846753913431
RPS20	1	1	0.9182617046284829	0.8318067243124396
ARMC1	1	0	0.24081933135604672	0.4564250708142552
VCPIP1	1	0	-0.04883122527549233	-0.08576841183594297
TRAM1	1	0	-0.10433787504587855	0.4403668586151923
STAU2	2	2	-0.4787877587413383	-0.06728796452600116
HEY1	2	0	0.9598249273685084	-0.6113930590069891
C8orf59	3	3	0.3599288032998049	0.6102952326377848
TRIQK	6	3	0.34614500281067273	1.56176662731027
ANKRD46	4	0	-0.40827573795323246	-0.6463023599672901
YWHAZ	1	7	0.6784071451016316	0.19904137728336613
AZIN1	2	0	0.5523451297787751	0.45232776926767926
RAD21	1	0	-0.32733454940072093	-0.41211390042789375
ZHX1	2	1	-0.10664381055128658	0.026871072030797194
TMEM65	1	0	0.3361554438934746	-0.016446610371158243
KIAA0196	1	0	0.17315855835756366	0.15140593414925618
ASAP1	1	0	-0.6290551832715163	1.4766584256609008
EEF1D	3	3	-0.0947938840775655	0.14113315327711495
SHARPIN	1	0	0.994183003927084	0.9965198281582559
CYHR1	2	0	0.1628249961441739	-0.3499884239955815
COMMD5	1	0	-0.22623668915909434	-0.09315463707717342
ZNF250	1	0	0.5484797321606791	0.33586712377763206
UBAP1	1	1	0.4389386002878516	18.947478191469603
TMEM8B	2	1	0.9552940262480076	10.178467136082322
TLE4	1	0	-0.059437624473400064	-0.4474529444340192
DAPK1	1	2	1.1385508712689214	-12.914263362418419
CTSL	3	0	0.5644484069163767	0.30592806385427096
STX17	3	0	0.09206073873400555	0.34635359936771337
INVS	3	0	0.8354130276963936	1.0871626683436801
SMC2	2	1	0.34421510253000775	-1.3761214132189403
ZNF462	1	0	-0.885621002038933	-0.09928395600549322
RAD23B	1	0	-0.48059954607957067	-0.6245152018896185
TRIM32	2	0	-0.07304423163264318	-0.3154876485724394
GSN	1	1	1.8373124757572814	2.26925517076522
RABGAP1	1	0	-0.26755519105090997	0.036325559698831
ZBTB43	1	1	-1.1995441622173346	0.3839677014410645
COQ4	1	1	-0.6269220036902854	1.512838073922845
LRRC8A	2	1	1.9215379855686838	-0.33074288514513084
NTMT1	3	0	0.0769742881891311	0.4563349418272402
GTF3C5	1	1	-0.15442957617148556	-0.6578353324477826
WDR5	1	0	-0.33815955023385413	0.162437325814917
CBWD1	3	3	2.688389527667842	2.8668287150220797
KLHL9	1	0	-0.9726950742426617	-0.8595902485294609
CDKN2A	1	6	-3.795012725533601	-15.763001655526313
FAM219A	3	0	0.3786791522077486	0.24343790678139854
VCP	1	0	-0.5610587191588756	-0.09400712283984447
ZFAND5	3	1	-0.0364198552618263	-0.23776560187654458
TLE1	1	2	0.40545083559826	0.8870106160282467
UBQLN1	1	1	-0.04339161777436695	0.7246618916663583
C9orf64	1	1	0.1417848321180386	0.011842248226659136
ISCA1	2	1	0.40255974575638165	0.08143880660968739
NOL8	2	0	0.6831727108809886	1.1634603172693367
LPAR1	3	0	-0.038198639162777326	-0.141514686133144
PTBP3	1	0	-0.6000066298664102	-0.12265288028515897
INIP	1	2	-13.01133496429904	0.5160064252656871
ASTN2	1	3	0.01858266719474777	-1.4819210098851947
RBM18	1	0	0.0685647874211952	0.18754339614886106
RC3H2	1	3	-1.0510323955275327	-1.4200273426575922
STRBP	2	0	-0.16996053271739342	0.1490363871510212
MAPKAP1	3	1	-0.29397495784867433	-0.32887360068038807
ZER1	1	0	-0.5292052123567217	-0.33495153343895545
CRAT	1	0	-2.1514511553178437	-0.81133202646611835
MED22	1	2	13.866038544807164	13.155010090592846
SAPCD2	1	0	-0.34815629676863047	-0.7478054362292568
FAM208B	1	0	0.15504349154007002	0.7069101234037092
MCM10	3	0	0.8223002431772279	0.8611194324309821
THNSL1	2	0	-0.10401839964788451	-0.49389470137452207
BAMBI	1	0	-0.5204963301214871	-0.41855355189308874
ZNF485	2	0	1.2919700480006	1.0495913816657207
MTRNR2L5	1	0	0	0
CISD1	1	0	-0.14928533793549548	-0.2072073054437702
CDK1	2	1	-0.252719351101085	-0.0943979370701733
CCAR1	1	0	0.7397940554075113	1.1709948461624222
C10orf35	1	0	2.1658589979092824	2.8480531102600324
CDH23	1	0	-13.061211784541674	0.48002938892401836
DDIT4	1	0	0.4048931447762847	0.42844119700737693
FBXL15	1	0	-0.9973702985720543	-1.092207059183064
SHOC2	1	0	-0.007836547641328906	0.14364596037273714
VTI1A	1	0	0.08272379827366194	0.18519723328688897
KLF6	2	0	0.6412541970174068	0.7639457299110539
GDI2	2	0	0.219859408928059	0.5122890264287747
NUDT5	2	1	0.42017164884061753	0.7822979797133129
RSU1	2	0	-0.8937310142624817	-0.3929738009515731
ANKRD26	1	0	0.5032685007080211	0.21816687698742143
YME1L1	2	0	0.280558008026766	0.39959893466182095
ARHGAP12	2	1	0.07710618470426622	1.0397032062045617
CUL2	1	2	-17.39179469196476	-17.866656768208237
MTRNR2L7	1	0	0	0
ZNF248	2	1	0.5314699132288412	1.6293931792376737
TIMM23	2	0	0.4136047876293638	0.6861370435410414
SGMS1	1	0	0.4220690724171021	0.6778988729971154
AIFM2	1	1	11.8596921855411	10.864408577124081
ECD	3	0	0.26507818979171205	0.484653526203239
AP3M1	1	1	0.2411695554116473	0.7789637941238785
WAPAL	1	1	-0.14376979919932253	0.267335949090842
NOC3L	1	0	0.26053976281147584	0.6862039626127512
RRP12	2	0	-0.8436718397003027	-0.2910964513919154
POLL	3	3	0.28574904406566537	0.7767831552350155
LDB1	1	0	1.6723961754416194	1.040986604319869
CALHM2	2	0	9.915754917373341	0
GPAM	3	0	0	14.709415936034913
ZDHHC6	2	0	1.4550292394344027	1.6978792731678283
ABLIM1	1	1	-0.6732755394632193	-0.6915575323503518
FAM204A	1	1	-0.11508134375878898	-0.04858572667279093
FGFR2	3	3	0.9202134540053342	0.37912573603496913
CTBP2	3	2	-1.901635942507289	-1.0107316838194818
RPLP2	2	0	-0.04062808895697856	-0.11839010906598446
IPO7	1	0	0.37899087825581645	0.4504632336928225
CTR9	1	0	0.7449556443883871	0.198799181547205
ARNTL	4	0	0.8892075324110884	1.0409921596214247
FAR1	1	0	0.4221673954500105	0.3245233344684344
ARL14EP	1	0	0.40098852463649237	0.42468522275786924
TCP11L1	1	2	-0.7005019570897058	0.10668063419723328
NAT10	1	1	0.29748198539493576	0.20054555269929342
HSD17B12	1	0	0.18549456033111866	0.4007798760507306
C11orf49	2	1	-0.18442654128718416	-16.619557585384804
CLP1	2	0	-0.3505540580023734	-0.4821431165717378
CTNND1	5	9	0.3364973827344575	-0.08300483180121905
TMEM109	1	1	0.9712110280452892	17.863587418445714
RTN3	3	0	-0.32409319112471735	0.1712988777105835
COX8A	1	0	-0.3059263401275558	-0.2814530903739758
TM7SF2	2	0	1.5735743597482603	1.7784422997569251
POLA2	1	0	0.6538590298831544	0.6069956768286318
BANF1	2	2	12.416035312216277	1.9302437000192763
NDUFV1	2	0	0.039456424440455606	0.11421062289730699
PPP6R3	5	0	-0.24935848409616668	0.40459045360375967
CTTN	2	0	-0.1457229216708562	0.40931103436628646
INPPL1	1	1	-0.6548548076272	-1.0106573097207443
SERPINH1	1	2	-1.7530079827925196	-1.5398409547138332
PCF11	1	0	-0.3592516234854184	0.46741396311052696
MED17	2	0	0.27063196386613697	0.18347380957540338
AMOTL1	2	0	0.6576549143851302	0.7539681794527553
BIRC2	1	0	-0.017557435302347102	-0.05401296559294977
C11orf57	3	1	5.020964399404947	3.6996952563559065
RNF26	1	0	0.04843863589573516	-0.004253190482970126
RNH1	3	5	-0.3764659438974358	-0.370457479465677
IRF7	3	0	0	0
ZNF195	5	0	-1.0596357327418922	-0.4318329057927137
APBB1	1	7	2.4247485368135857	-0.027961050128719744
DENND5A	1	0	0.3448764716874759	1.0902216186789566
RNF141	1	0	0.6406423448489065	0.34751605082751524
COPB1	1	1	-0.9100776815621714	-0.07914728175917762
HPS5	2	1	1.5778790243113896	1.830378931478723
E2F8	1	1	0.2616916553213442	0.2427627230015359
PAX6	4	3	-0.8416227074459428	1.1586788357790923
CSTF3	3	0	-0.8638708147938914	-0.48721953398246143
TRAF6	2	0	1.2636173888509674	0.8621192565124076
AMBRA1	2	2	2.686773274935706	-0.3799470315764541
PACSIN3	2	0	-1.4347458702964655	-1.5179484166839075
PSMC3	1	1	0.13634617682758332	0.8169479006427522
TIMM10	1	2	1.0732124042908082	0.36571422526719477
BSCL2	3	2	-1.1722904111916739	-0.7359612545693643
PLA2G16	1	0	0.5341875051241161	0.9801570143134555
ATL3	1	0	-12.56273267487684	0.88910089426507
MEN1	1	6	-0.03752592615939587	0.4926513053377888
FAU	1	2	-0.3193894426868171	0.1756947211190516
EIF1AD	2	3	-0.4615320349601548	-0.14135665881705073
DHCR7	2	0	0.6387379398934208	-0.20780966072464757
NUMA1	2	0	1.7150710101596758	1.9758929801745744
ANAPC15	4	3	-0.7368678981270218	-1.5514658759780993
ARAP1	2	3	-2.972862583311179	-3.029564522124183
FAM168A	3	0	0	0
NDUFC2-KCTD14	2	0	-0.25059496688636784	-0.37759683157238655
NDUFC2	1	0	-0.18935078492240365	-2.663273135553773
CCDC90B	2	0	1.1364003371719313	1.1299406241687358
CREBZF	1	0	0.7702063866655209	0.9333759280722624
MTMR2	1	1	-0.15743986509698304	-1.7077313823637559
MSANTD4	1	0	-0.3645907507477304	-0.17037454240170646
RDX	1	0	-0.14009232662309046	-0.3319790323331908
BACE1	1	3	2.1337237234519737	1.7524664682676203
IFT46	2	0	0.03975795992529285	0.2687403468228524
ZNF202	1	0	0.6600597557457277	1.567891990618076
TMEM218	1	0	-0.11699914825678093	0.41581919559984826
SNX19	1	0	0.5368464336947287	0.5300334189606186
ADIPOR2	1	0	-0.029810877004891267	0.34529460738112405
TEAD4	2	1	3.157002988698068	4.363734036992331
GAPDH	1	2	-1.5297260920105735	-0.7199817215771782
C12orf57	1	0	0.15023702898533742	0.04350231802673932
GABARAPL1	1	1	0.5814635417512406	1.7809528510261003
CDKN1B	1	0	-0.035658575888618316	0.09087021962994513
RASSF8	5	0	1.2063729852686293	-0.009892440917187884
DDX11	2	2	-0.962728983403579	-2.2926465561901956
KIAA1551	1	0	0.23863976422185473	0.16368304555936675
ALG10	1	0	0.8438714349487029	-0.1602035908818813
TMBIM6	3	1	0.34351680999994694	-0.2047651329757464
LARP4	3	1	1.0659348199177998	0.9147556351525417
RPS26	2	0	-0.9632069926749907	-0.8426332633653999
ZC3H10	1	0	0.11122194923884265	-0.09958201803007327
CAND1	1	0	-0.21498142107622087	-0.3746458345095185
NUP107	1	0	-0.031144917214774637	0.47610298564533515
MDM2	1	0	-0.2372848487297965	-0.6817989904653281
FRS2	1	1	-17.673837183632383	-1.3969281561709832
TMEM19	1	1	0.045016385952276305	-0.00536635523694029
TMTC3	1	0	-0.47473550840163625	-0.45515296042530196
NUDT4	2	1	-0.11967135827984343	-0.06133132500189831
ELK3	1	0	0.3809279511359378	-0.19818487608432633
PARPBP	1	1	0.052739166846871466	0.39982883211374287
TXNRD1	2	3	0.19908896820183086	-0.26496961729910984
C12orf23	4	2	1.7380093990546914	1.4957370518495905
PWP1	1	0	-0.20697038707658777	0.11605869104214861
IFT81	2	1	0.5899221641938821	0.8660750170811728
FAM216A	1	0	0.25966406493047245	0.3070138794454671
TRAFD1	2	0	1.0491521419007377	0.8687941398317598
RITA1	2	0	0.6439128104906295	1.0497730065202653
RNFT2	1	0	1.2032677684361666	0.3461879531992924
RFC5	1	1	1.9177639305970926	2.273640547697776
HSPB8	1	0	0.26350006042176943	2.209119722176501
DYNLL1	3	2	-0.25566469478845644	-0.1751326431952167
MLEC	1	0	0.38191543965553443	-0.09622756657844
RNF34	1	1	5.009423257765133	4.86780000129693
DENR	1	0	-0.06372809978366689	-0.11564865946095892
SFSWAP	1	0	0.23393739013701165	0.5290424811943986
PUS1	1	2	0.16977478734392148	-0.023851416229546007
ZNF268	5	2	-1.247179859763492	-1.238516323357244
MRPL51	1	0	-0.1453126813856791	-0.22193112938127513
M6PR	1	0	0.4593654055044034	0.39282640652367107
DUSP16	1	0	-0.1554562252813163	0.10971407153804691
EPS8	2	1	1.6546450322140132	1.6245791623718944
RECQL	1	1	-15.69717708012239	-0.4345960376574851
C2CD5	1	0	-0.30274567487343873	-0.38062514633028144
ASUN	1	0	0.6773666382228853	0.665234463726545
ERGIC2	1	0	-0.7915081421607155	-0.5962028233318897
IPO8	1	0	0.48848322892261464	0.3496614747826676
PUS7L	4	0	0.23208378788877937	0.1555530851489877
SLC38A1	4	0	0.6848457121572764	0.8027431595110563
SENP1	1	2	0.733754039789074	-0.1418658167637723
DDX23	1	0	-0.17598049124313064	-0.2417013157805883
TUBA1B	1	0	-0.003241173348179416	0.31988250803411233
DNAJC14	3	0	-0.4149344011422187	-0.4758004685985533
RNF41	3	1	-15.149695155739929	0.5604496273016508
CNPY2	1	0	0.201281601381595	-0.02007376201245492
PAN2	2	2	12.178860610191201	12.642477011320043
BAZ2A	1	0	-14.388357432973171	0.8961443859971432
DDIT3	4	0	1.20775146267626	1.9582187880750688
CDK4	1	0	0.3503851104771556	0.23762150235184976
CTDSP2	1	0	0.32807608782851005	-0.46851484736044746
LRIG3	1	1	0.6416434911958611	-0.5842759681366587
CEP290	1	1	-0.5566903074329845	-0.40823056756591813
BTG1	1	0	-0.0014827258496872275	-0.12366853102739128
CDK17	2	0	-0.8340796115156088	-0.5055841284569915
C12orf73	1	3	0.13951607996584559	-0.010181620595355101
NUAK1	1	0	0.2663144684801413	-2.4118725557597998
CRY1	1	0	0.5853278361481511	0.04408802887435215
PRDM4	1	0	0.6182386271512375	0.43528981439086145
ALKBH2	1	1	0.548429617977402	-0.013921349327225885
RPL6	1	1	-0.2330585316535938	-0.39124834333229686
TBX3	1	1	11.970519552205719	-0.1001607370924873
KDM2B	1	1	-15.321684685880358	-17.068569566044733
UBC	2	0	0.05468127968057246	0.1703334294955532
ZMYM2	2	0	0.3397000813052031	0.38723355201546994
POLR1D	1	0	0.23994541227867217	0.29865136547498494
AKAP11	1	0	0.17724195993183756	0.1311450879905358
RB1	1	0	-0.33205570141166874	-0.5539897576355237
TRIM13	4	0	-0.01751163965732161	-0.13371683654806077
PIBF1	1	0	1.1425825199076485	1.1561895184642985
TM9SF2	1	0	0.3409976874071674	-0.06070003000928281
BIVM	1	0	0.8206184019264811	0.8882953743078019
ZMYM5	2	0	0.9482456972041078	1.0810929356266747
RNF6	3	0	-0.21835695636165298	0.14958758581337506
MTIF3	2	1	-0.9667647500564467	0.9112096909242808
SLC7A1	1	0	0.8270135668212344	0.05690522241265228
UBL3	1	0	-0.9069088913217733	-0.36544088792075513
N4BP2L2	1	0	0.5483237679647104	0.5352888287495325
KBTBD6	1	0	-0.47395113608336104	-0.7601310322354067
KBTBD7	1	0	0.21843080327274933	-0.303503113719767
TPT1	1	0	0.029657690253738878	0.07062827705136598
NEK3	1	0	1.1122046743612781	1.2743512167293094
DIS3	1	0	0.5248893198705069	0.7264672778552992
SPRY2	1	2	12.84019409421245	12.864214740604183
GGACT	1	0	-0.3233720712647248	-0.3007524695802033
TEX30	1	2	0.3036015789126132	-0.189642111485135
APEX1	3	0	0.6506668756988354	0.43980473263782827
MRPL52	2	3	1.2952899041453714	1.3748278134683465
DHRS2	2	0	0.3943567887768147	1.6675283194531971
DCAF11	2	2	-0.6231692168608378	0.5750855835288331
GMPR2	1	3	-0.2756221699994632	0.3637378531298059
KHNYN	1	2	-12.449067209702331	0.2167446292485935
G2E3	1	0	0.8314933878897044	1.523907847257199
SRP54	1	0	0.2201513421647796	0.4102516403136214
MIPOL1	1	0	0.5625773471078368	0.5035176373739354
PRPF39	1	0	1.9382150159436655	2.243660943474495
ARF6	1	0	-0.10306006395274991	-0.04641028194763308
MAPK1IP1L	1	0	0.037098876624853006	-0.447978882572464
AP5M1	1	0	0.3969778926204235	0.570524945028275
PCNXL4	2	0	-0.18993582511329166	0.09174985666481916
MNAT1	2	0	0.09794493812827909	0.007923684992224622
HIF1A	1	0	0.3768355910201642	0.17098880944158168
MTHFD1	1	0	-0.29327712140701934	-0.11391705926628148
SRSF5	1	0	0.1546712564138879	0.12309419149180201
RBM25	1	3	12.980819687774112	13.132046022492645
PSEN1	1	2	1.3974904072688217	0.178366377173365
FOS	1	0	2.6340494655153215	1.1150776773487436
GSTZ1	1	4	-0.1345457147116269	-1.258501014833446
ZC3H14	1	5	-0.23773138522193005	0.22800456263516589
CPSF2	1	0	-0.23402729374525322	0.10391511772119344
C14orf132	1	0	0.09567541829117587	0.038557745944990174
GSKIP	2	1	-0.45498882963176124	-0.441610867180356
PPP2R5C	1	2	-0.13362798591919267	-0.42002574748965893
EIF5	3	0	0.8899179609002204	1.1675422194959104
MARK3	2	4	-0.4732575034478961	-0.18324950961042763
OSGEP	1	0	0.6401530958133179	1.09875081131538
NDRG2	8	5	25.966355898576065	8.699214021009418
HNRNPC	2	9	21.560777614163545	21.747500954936246
CHD8	2	0	0.27664094273078277	0.6131377129628888
METTL3	1	0	-0.3852279629909532	-0.31852680803398314
PRMT5	1	1	-0.4812935433496044	0.5100525977643489
DHRS1	1	1	0.4294167794667949	0.7109752367374256
DLGAP5	1	0	0.09229698677517817	0.37790508782418897
TIMM9	2	2	1.500359093425017	0.7688605157711534
WDR89	1	1	0.28500876297588557	-0.17729422647000323
VTI1B	1	0	0.06974057225219354	0.10234534444264298
PNMA1	1	0	-0.33326150984236946	-0.434268875943971
AREL1	1	0	2.077436525012347	1.9886809113642983
IRF2BPL	1	0	-0.6491854831577069	-0.6856795456658258
FBLN5	1	0	0.5782260967741504	-0.09697184125507974
LGMN	1	1	0.7491773328849165	-0.6764070666146589
DDX24	1	0	-0.31872272857503603	-0.4083200319333322
WARS	3	3	0.5082553666193155	0.7641004124365693
XRCC3	5	0	2.0922499431465678	2.723528560406441
C14orf2	1	3	-0.29042862987859364	-0.04015090934364296
TUBGCP4	2	0	0.6367124386404228	0.2027520413451711
CASC4	2	0	-0.29778899075315124	-0.27877566434582945
EIF3J	1	0	0.16508823898331215	0.49289944816362663
FAM63B	1	1	-13.787099545861212	-13.908252855769147
SMAD6	1	0	0.2262964837308008	-0.35473779079914536
RPLP1	2	0	-0.12382675841213597	-0.21821341734850463
LOXL1	1	0	1.0025013874812725	0.7554924336968121
PML	6	0	1.0810713144995248	0.6490981917306975
ARID3B	1	0	0.33519714549629853	0.26375664863906323
C15orf39	1	1	-0.18164112793917653	-0.3463222983387517
UBE2Q2	1	1	-13.307954268488059	-13.312162842881987
FBXO22	2	0	0.3744322323191511	0.598520194124152
WHAMM	1	0	2.6588306480664254	3.406727459584596
FAM103A1	1	0	-0.03308247577616896	-0.0712699969113686
GDPGP1	1	0	-0.14360183695468365	-0.04628630902008979
UBE3A	1	1	0.18789424561199475	0.2341195945070904
GABPB1	3	0	-0.36093864606042203	0.28255219164232415
TRPM7	1	0	2.0594396944763265	1.091602028721324
ADAM10	1	0	1.0522255460777323	1.1414017488028207
GTF2A2	2	1	-0.5886709716280407	0.4226599275027958
NARG2	1	0	0.644397940825673	1.0551809565234436
VWA9	1	4	-0.2824027865255336	-0.12270323256365062
UACA	1	1	0.9672046909005703	0.09065261384005496
PKM	4	0	-0.4643131535144178	-0.9661417025919938
UBL7	2	3	0.4927087957585521	0.7716025954071755
POLG	2	0	0.531291950938348	1.3722415672329795
VPS33B	1	0	1.3627070581097023	1.6640305757453753
TTC23	3	1	0.3431753166674909	0.775130936595815
ITFG3	1	1	0.3498610661437347	0.48944560892795863
CAPN15	1	0	0.1613859768692425	-0.14837510262514897
UBE2I	2	5	-0.32746731967240317	0.2593460782851933
THOC6	3	1	-0.3461801632445578	16.226905300469912
ZNF263	1	0	-0.1235689751158855	-0.3799568554855579
METTL22	1	0	2.250424331058687	3.0243444682916074
CLEC16A	2	0	-1.998425138715703	-15.655166543778751
BFAR	1	0	0.5466215161233592	0.6842138509026725
PDXDC1	2	0	0.20630399636916152	0.4465660943937273
METTL9	2	0	0.6823536477735637	0.351535351274741
POLR3E	2	0	0.5986558679343474	0.38161525050176337
DCTN5	2	0	0.28007296994975306	0.5060808390790115
RBBP6	1	2	0.06814650730793215	1.038410426660135
SPNS1	2	2	18.803182602430123	18.693440685912154
TAOK2	1	2	-2.4929485513019167	-1.8155980961554499
SETD1A	1	0	0.15870506423718744	0.5729340660181581
STX4	1	0	-0.0019301080264320092	0.19715297959367462
ZNF720	2	0	0.5121043350164243	1.0505522336558926
ZNF267	1	0	0.7229444688453484	0.15957656935259834
CYLD	4	1	0.14845363095426478	0.36768127129924366
RBL2	1	0	0.14580685441505636	0.8015560993564002
MT2A	1	0	-0.6229673715646857	0.041838738379443186
HERPUD1	2	0	0.6437860692843813	0.7668033167003614
KATNB1	1	0	0.05683186782445304	0.3397839476623332
GINS3	1	0	0.3967217095608362	0.9028956512714039
CKLF	2	0	-0.412257045065445	-0.27963972779292945
CKLF-CMTM1	1	0	1.6701142365190513	1.3954806066749477
PLEKHG4	1	3	-0.9955279214493036	-1.9036961592791624
CTCF	2	0	-0.1752559096726003	-0.19877393733221993
DUS2	1	1	0.3617239398850085	-0.23587900367140557
PRMT7	2	0	0.08277801771067317	0.5242362524742461
SF3B3	1	0	0.20996877309940842	0.4754710680511458
ZNRF1	3	0	0.8661540037376767	0.757691834753226
HSBP1	2	0	-0.3987747422830168	-0.373358329962155
BANP	5	0	0.3404579947672701	1.4379243621721542
ZC3H18	1	0	0.39143321020128496	0.46936773590865144
ACSF3	1	1	-13.973442105013934	-14.960473857046466
DEF8	1	5	0.044204538540874694	10.9916641644508
RNPS1	2	4	-0.722222894725463	0.37828506974576737
PKMYT1	1	0	-0.3516409642576317	-0.5395501194078847
ZSCAN32	2	0	0.9963431132223839	1.2639350814566974
CDIP1	3	0	2.2318941579393226	1.9206093791613785
UBALD1	1	1	-0.34898245611748324	-0.0803882398391551
PARN	1	1	0.08244104373453343	1.21615083539024
RPS15A	1	2	-0.4734748837669729	-0.04832510620505914
ERI2	1	3	0.7473937785233531	0.8719309049914088
COG7	1	0	-0.02780420222198643	-0.32927597391534746
XPO6	1	0	0.8865963375035122	1.2224741171809939
CLN3	1	0	0.5835196073603708	2.1534461283767943
HIRIP3	1	1	-19.111179099653192	-18.63692420999197
SEPHS2	1	0	-0.3056393694170261	-0.310455661416011
C16orf93	1	0	0.4343443013235859	0.8330249815085153
ZNF668	1	5	-2.2489272838534644	-1.3520746160414483
CCDC102A	1	0	-0.0018087036364349274	-1.316661336256585
C16orf80	1	0	0.44407080582624303	0.420611047460703
SLC38A7	2	0	1.2236174278130925	1.3434372681502058
TXNL4B	1	2	0.30488343031131837	0.35325091825681565
CMC2	1	2	-0.4042457975708863	-0.23037618162439347
CENPBD1	1	0	0.18150105901269242	-0.04796254310367942
RNF167	2	2	0.14873122432888852	0.9116753938879008
FAM64A	2	0	-0.21566734811482746	-0.5087474831091967
SLC16A13	1	0	-1.5960924661866773	-0.3623594383180979
ELP5	2	3	0.6881471324204477	0.11100630421309521
WRAP53	1	3	1.1392797450447283	1.3429560275768067
NDEL1	2	0	-0.21539783622997888	0.0528131815463766
PRPSAP2	1	0	0.29569064598427275	0.6258952086058933
MAP2K3	1	1	-3.541535308371202e-4	-1.1635912031790525
MTRNR2L1	1	0	-0.15177646999229744	-1.0162512541760336
WSB1	2	0	0.19931659663206602	-0.07727455387133375
TAOK1	2	0	-0.16885692866903668	0.20804294979939897
ZNF207	3	0	0.16946589358014919	0.14708431742444006
LIG3	2	0	-0.19069535314821806	-0.16816237970922288
RASL10B	1	0	0.08676737270153723	-0.32202379877806564
TADA2A	4	0	2.5059187770222167	2.774360889136574
STARD3	3	0	1.0587884492179036	1.0118373240021725
CDC6	1	0	0.14405089916263947	0.4156836615457955
RARA	1	2	-7.391345450274594	-20.28541173899183
TMEM99	1	0	0.45880837760905635	0.5739180695693982
NKIRAS2	2	2	-1.311732216734919	-0.5159316114169075
COASY	2	2	-16.837132783009316	0.31721841775466597
DBF4B	2	0	0.401128804892835	1.7809122279460752
HEXIM1	1	0	0.03149568648068524	0.1666061746426486
KPNB1	1	0	0.2618077481988905	0.46194673141695475
NFE2L1	2	1	0.3510842067129154	0.5906178408345859
AKAP1	1	3	16.454967773514145	16.245654486659205
PRR11	1	0	0.310956026337994	0.27016399566859306
CLTC	1	0	-0.018997070032753527	0.056357424897004904
PRKAR1A	2	3	-0.04750737835626584	0.7840416658523122
SOX9	1	0	-0.0995256157098865	-1.8108484268016607
ARMC7	1	0	-0.08638852334148694	-0.8209461290646498
MRPS7	1	0	-0.14512832307814705	0.21886358323688881
METTL23	1	3	1.8566081863792943	1.443146861893795
MFSD11	1	4	0.147906455788549	-0.8625891078296881
SEC14L1	6	2	-0.06657521656015714	0.7528662572763541
ANAPC11	7	7	-0.031034030503904297	-0.7120069821400478
NARF	1	2	-0.8109798744989214	2.735027069537334
METTL16	1	0	0.5645455919077307	0.5476038928566318
PHF23	1	0	-0.20049796604544312	0.36737233728835506
ZNF18	3	0	0.08848739350666612	0.4094233219607517
HS3ST3A1	1	0	0.14696164833419623	0.2446263079939488
NCOR1	1	1	0.6007006434145175	-0.021215612506765513
FLCN	1	0	0.3849451965390358	0.5780777947208406
SPAG5	1	0	0.938495738474316	0.8951817399394102
NLE1	1	1	0.6563552175202023	1.4429094625440086
SLFN11	1	1	0.10363475032515801	0.27881499301335344
MYO19	3	0	-0.904948598480873	0.15397112618776987
CWC25	1	0	0.8001137451363718	0.7933565932054343
MED24	3	0	0.5424423085879582	-0.07055176108514871
TOP2A	1	0	-0.468655337270274	-0.4085910418567238
SMARCE1	1	0	-0.08993779583439476	-0.012350987263245017
BECN1	1	1	-0.1426650630384947	-1.5998950226043043
DCAKD	3	0	0.3975449597662255	0.3936291165569372
KANSL1	1	2	0.251862477883221	-0.07813667030498817
ARL17B	2	0	-0.3814665525094405	-0.6071553288971039
CDC27	1	2	0.4550006092069552	0.5628758493328883
PHB	1	0	-0.5216640028325337	-0.35134199162603963
SPOP	3	1	-0.921037442964141	-0.44082026469443925
LRRC59	1	0	-0.037349923128754625	0.16085163982612372
TOB1	1	1	-2.005819497139632	-1.570043260788767
TMEM100	2	0	0.2944367494852269	0.35715472658639946
TRIM37	2	0	0.619891140176204	0.5197046936251262
TUBD1	1	4	-0.3539596440873485	-12.547054263118925
STRADA	4	0	0.9968288194278934	0.6575540659075827
CCDC47	3	0	0.31179658591075565	0.23084781983195413
FTSJ3	1	0	0.411055778013381	2.3192123470135737
TEX2	2	1	0.4545799247714881	-0.2661288537637464
POLG2	1	0	0.5524750698689118	0.49699775380096156
HELZ	1	0	0.2389158407583878	0.6602029622888139
C17orf58	3	0	0.08139495429321286	-0.11759847236548282
SLC25A19	2	3	-0.5629808154559797	-0.4006012440399438
GRB2	3	1	0.1731911989648296	0.5391450589447233
CASKIN2	1	1	12.178628239124805	1.1749075937228453
RECQL5	1	1	-15.241082969777505	-16.82761171970644
SOCS3	1	0	2.3216495146979668	-0.09304469144109362
CANT1	1	2	-15.906641139313532	-13.642579937479942
SLC38A10	2	0	1.9834598558608132	-11.677841965094409
ACTG1	3	1	0.31143511516046263	0.2931933810133599
CSNK1D	2	0	0.39842600982248655	1.0975631772443037
WDR45B	1	0	0.5295794075380726	0.6943914400300493
VAPA	2	0	-0.44548837281296727	-0.2884260019443232
DTNA	1	3	0.23255302116112475	-0.4436107416987858
ME2	2	0	0.07879279708368259	-0.22046214447624735
TSHZ1	1	1	-0.25918775299134644	-14.390936339779635
NFATC1	3	3	16.97862963149493	16.630135055995346
MPPE1	3	0	1.6753953709413238	1.7117097875513494
ZNF24	2	1	0.2895823282231009	0.32181701336701796
SLC39A6	2	0	0.32249234461369625	0.12092659289540109
TPGS2	2	1	1.94594262834319	3.015510342160242
DYM	1	0	0.2559918551945479	0.06271349038727436
RPL17	3	2	-0.8375459452201337	-1.1021515976262695
NARS	1	0	-0.01440571558691417	-0.3877684793280416
ARID3A	1	0	-0.004300934459832817	0.12659090702848985
CSNK1G2	1	0	0.6527848773798404	0.7688848786956868
SF3A2	1	0	-0.017986897093443588	0.11411079753733233
SAFB	2	2	-0.8864159229910702	-1.3219157860782946
RPL36	1	3	0.40541227504971467	0.03425490004611653
ZNF557	3	0	1.7195163852946465	2.02971004231717
ZNF317	2	0	0.961074917055301	0.6246443023629862
ZNF559-ZNF177	2	0	2.352003982085453	2.2514948703036985
ZNF559	2	0	1.8521884931584154	2.324200036346806
UBL5	1	2	0.6033167781265663	-0.07946070564284824
MRPL4	2	0	-0.04698242431289046	-0.13907411596396813
PRKCSH	1	1	-13.210544301289918	-11.78089892560837
ZNF440	1	0	2.1270106058315026	3.4059039745485666
WDR83	1	0	1.4150383865586598	1.8012999144307535
CCDC130	2	0	0.9900697842343078	2.251818252236081
CD97	1	2	12.477998870135501	10.598074664568248
BABAM1	3	0	0.41338043623072096	0.3041032238543231
PIK3R2	1	0	0.15366812356578663	0.18066386205474672
ARMC6	3	1	-0.0039026317521049236	-15.184427355512792
ZNF430	1	0	16.703288910248272	18.020308412987657
ZNF714	1	0	0.49484709746937483	0.8038583400105601
ZNF492	1	0	0.2607720520209682	0.4270957322642204
ZNF254	1	0	-15.355724837875252	-0.1384013353750717
LSR	3	0	-0.02042947362848757	0.6423126536393742
ZNF420	1	0	0.49253693709999524	0.6114738327762836
MRPS12	2	1	-0.33654883523652	-1.6383423585949939
PAK4	3	4	-0.09916362617543095	-0.04234557385469803
SAMD4B	1	0	-0.1852957018966599	0.1896365165463756
MEGF8	1	0	12.397949397349537	11.890401513172547
ZNF576	1	5	0.5441987977344658	0.14443931048389036
SRRM5	1	1	0.10066426645498483	2.291732715772522
ZNF283	1	0	0.41412809852350563	0.5784144799184396
ZNF284	1	0	-0.4401506300327256	-0.08585032683688354
ZNF234	2	0	0.6001121059610277	0.5564035501495255
ZNF226	6	0	-0.5884773958275566	0.09916108168034299
GEMIN7	2	2	-1.456862006280625	-1.3699702115545767
DHX34	1	0	2.322494158469551	2.864415516467675
SPHK2	2	1	-0.9606635400181804	-0.0796469699401594
PPP1R15A	1	0	0.9609208009478003	1.4568688648973698
FTL	1	0	-0.14300541709744152	0.20398050658706524
SNRNP70	2	0	-0.5404087321516826	-0.5355332551537515
ATF5	1	1	-3.9855384919304497	-1.1573758535786585
ZNF480	1	1	-0.4435617171471587	-0.35428328140972204
ZNF528	1	0	1.2703448641538486	1.97547501172631
ZNF808	1	0	-1.0268170260184828	-0.08023725018494687
MYADM	5	0	-0.17514350134369927	0.018521378244368947
TSEN34	1	2	0.3231491748653077	0.518735161304411
SUV420H2	1	0	-0.027296763980526606	0.06317828124692682
U2AF2	1	1	-0.006247294351416244	-0.08598264491804652
ZNF543	1	0	-0.141840754224015	-0.6367968186129502
ZNF548	2	0	0.7046651679040234	1.505624488934071
ZNF749	1	0	0.6749366171394726	0.3503788899365752
ZNF530	1	0	-0.18026002898671578	-0.41462786242270866
ZNF587	1	0	1.2303325821518118	2.2182595388340065
MED16	1	0	-0.1297368657774669	-0.9412519285342142
TMEM259	2	0	0.4559013725002963	1.8373225990513973
SLC39A3	2	0	0.5599603190654712	0.6640905122909224
APBA3	1	0	1.2949873700834509	1.5868799291145486
DAPK3	1	0	-0.42786285967752136	0.03191637477133469
DPP9	1	0	0.18972098217802724	1.0060401579447191
ZNF414	2	0	-0.15200522375244319	0.05662643211120155
ZNF426	2	0	-2.4557446058315993	-1.0907860392463764
ZNF121	1	0	0.7885031854728837	0.2188930471909014
TMED1	1	0	0.20633284900304716	0.5753063369633082
RAB3D	1	1	-0.05796734782091306	-1.4647301414088592
TMEM205	1	7	-0.2673123293375852	0.7130348419713926
ZNF20	1	0	1.1717061555549844	1.1257169380811636
TNPO2	1	3	1.2951992946790285	2.5057486454891853
TRMT1	1	1	-0.023154912755509294	-0.4329495655063371
ZNF14	1	0	-1.2117729144980274	-0.2986209348986897
ZNF708	1	0	1.3574676797904832	2.0215269408897623
ZNF599	2	0	-0.01965752294254841	0.07573994493997382
ZNF585A	2	1	-12.897653032731116	-15.335502064040647
HNRNPL	1	1	-0.02257658065471979	0.06957517976452632
SIRT2	1	1	-0.5307274467636667	-0.38521873009281293
PAF1	2	0	0.09617175714344128	0.3568492620693995
FBL	1	0	-0.28246661027555575	-0.6808625902920937
ZNF780A	4	0	0.9865702821483779	0.9248104176794634
SERTAD1	1	0	0.032918174652614596	0.7147618154257458
B9D2	1	0	-0.2472995096072239	0.06701726317228207
ZNF45	1	1	0.7510161196523715	0.8166665185601598
ZNF229	1	0	0.22675297250664528	0.34660673938127573
ZNF180	1	0	-1.0352008914692163	-0.7320214049229143
CCDC8	1	0	-0.28046328909259444	-0.4679639012335244
PNMAL1	1	1	0	-9.573910121945358
SLC1A5	1	2	-1.0905598447363032	-0.4794943824697204
AP2S1	1	0	-0.18017660552899528	-0.06286115102116341
DBP	1	0	-0.8149305610734885	-2.319736114118472
PIH1D1	1	1	-0.4737175559445994	-0.1163073629071496
IRF3	1	3	-1.7113729785383873	-1.9679005464501154
FUZ	1	1	3.053304725223364	0.6532523025113874
AKT1S1	1	4	-0.9670870189753266	-1.381492980137149
IL4I1	2	1	0	0
VRK3	4	0	0.08672006397801724	0.4624254114055333
ZNF614	1	0	0.6918533906932254	0.901977298164887
ZNF616	1	0	1.543670653971727	1.1558079357565525
ZNF836	2	0	-0.20229607681595319	-0.29118136629799807
ZNF83	4	1	0.049499783526987806	1.1937152648943643
ZNF611	1	2	0.3180469062611264	-0.5710846434689678
ZNF468	1	0	-1.6074190393699759	1.1166416340385723
ZNF160	1	1	0.49699511458173795	0.9972035686738767
ZNF347	1	2	0.3737456997773094	0.24948329319678564
ZNF772	3	0	0.08200708979088489	-0.45516281035019546
ZNF256	1	1	0.9598077214494545	1.542228646707514
ZSCAN18	2	2	1.0642863658859736	0.29992624621166586
SOX12	1	0	-0.8769384070488933	-1.4838168034044106
PSMF1	1	0	0.006897212811402653	0.09298569565873649
CRLS1	1	1	0.05429436233221452	0.015291704420373975
DSTN	1	1	0.4017729916058004	0.25335472833977946
MGME1	3	0	0.39083386164159606	0.5445010360561753
GINS1	1	0	-0.18388679423122412	-0.24888220751973122
ASXL1	1	0	0.6786316663414826	1.1533740828261472
RALY	2	0	-0.05931417706225872	0.021624160105108814
AAR2	1	1	-1.0388044662975435	0.25068594101634556
C20orf24	1	1	1.2832259429069626	2.257328643724348
RPRD1B	1	0	0.654060986198779	1.2710432643124392
MYBL2	1	0	-0.22670457947611666	-0.2679906236810332
YWHAB	1	1	-0.11481820078666605	0.34859721694465184
CSE1L	1	0	0.3444861637666179	0.41212549182350244
PTPN1	1	0	0.7621929194605137	0.5815195136536033
TFAP2C	1	0	-1.1813305460829966	-0.48259134815165794
VAPB	2	0	0.5215768967856285	1.438818604764915
FAM217B	1	1	-13.375651875713192	-0.5555015840894395
OSBPL2	1	0	0.05112299629761807	0.681029890920172
PPDPF	2	0	-0.2841144150817314	-0.0386938215367465
RTEL1	2	1	-1.610305896515496	-1.472990491508511
CSNK2A1	1	2	0.6621221027886701	0.043406770790842764
PCED1A	1	1	1.4772862234273212	0.4650493887010233
C20orf27	2	0	-2.0064894034083753	-0.46873657194537444
SLC23A2	2	0	0.6787801948416288	1.0572421247149073
TMEM230	3	3	-0.053432932076837414	0.2069363635864816
PCNA	1	1	-0.567164089933744	-0.8077516505281412
TASP1	1	0	1.2706442024541218	1.2540447102970198
CST3	3	0	-0.20146924016924572	-0.23551135649051602
EIF2S2	1	0	-0.020533633491222503	-0.006840275643970273
NCOA6	2	0	-0.5795034949321369	-0.28663604230929707
CPNE1	1	2	-1.7109428531095419	-2.480121377836091
RBM12	1	2	2.098671598383952	0.896599176843476
DSN1	4	0	0.2709715719546999	0.2291946796456763
SERINC3	1	0	0.7735272323022535	0.5319893411556187
ACOT8	1	0	0.8411641840660771	1.0361087235310684
SLC35C2	1	4	-1.198606856324563	-1.7145124235739502
ELMO2	2	0	0.25699621647846627	0.9032511283591145
ZMYND8	1	3	1.281351437961618	0.4715758977124924
STAU1	3	1	-0.8770819582487706	0.07676416821802734
ADNP	1	3	-0.3074691841052666	-0.2551447518752088
ZFP64	3	2	-0.677656485359508	5.951703738996949
MTRNR2L3	1	0	-11.321395752420253	-11.321395752420253
PSMA7	1	1	0.20176284003263897	-0.1334010242405949
DIDO1	3	3	0.3718785925781276	0.671488458274272
ITSN1	2	0	0.6228924487097167	0.21215420334795354
SLC5A3	1	0	-0.5383277211806234	-0.4318800040422861
WRB	1	0	-0.0857311178477751	-1.1391261649644235
YBEY	1	3	-1.4182837475903822	-1.393504642044781
PRMT2	2	1	-0.5847860793357316	-1.114701314008657
SCAF4	2	0	0.6633223749014903	0.21560150226432384
C21orf59	1	0	-0.0065402920413717425	-0.19201268681301187
HLCS	2	0	0.02904999942668063	0.32832378424520847
ZBTB21	3	0	-0.18937535440543485	-0.10034022898393502
PTTG1IP	1	0	0.35483522291522007	1.3602382921000213
COMT	4	0	0.39414938103938013	0.5540597733393433
DGCR8	1	1	13.579890231035279	12.95519460730139
CRKL	1	0	-0.6197194007980507	-0.2849048791495683
MIF	1	0	-0.4553091628049408	-0.6596934599937683
RNF185	1	0	0.2133298894887048	0.13642735914490345
HMGXB4	1	0	0.21112470594600552	-0.4243035658950802
CDC42EP1	1	0	0.828283993842259	1.183486734295446
APOBEC3G	1	0	13.593235483863824	13.442497190928245
MIEF1	1	1	-1.753193940572877	-1.0820847857035076
TNRC6B	1	2	0.07909981106867447	-0.35520550797675177
SGSM3	1	0	0.8836941908937277	0.7626423990069604
NUP50	2	1	-0.9694458926516203	-0.12720287678117087
FAM118A	1	1	-11.443069685072718	0.8338352084374829
ATXN10	1	0	-0.10396562061672654	0.04360733924232818
ZBED4	1	0	-0.452099832949191	-0.5440599928925085
NCAPH2	2	1	1.116256002688615	-0.9233105459893061
MAPK1	2	0	-0.4315158967129733	-0.6423340721193647
ZNF280B	1	0	0.21126751975804225	0.010123826395552982
PRAME	5	0	0.6128253428232302	-1.1109853828672698
HPS4	1	2	0.9441478528984883	-0.21521622986262678
TFIP11	1	3	-0.025572312805824282	-0.2804930168174202
RHBDD3	1	0	1.8179264504493258	2.476227085146691
APOL2	2	0	0.40090446400021307	0.1761841172287184
CBX6	1	0	0.9311824108454516	0.6261691496750501
MKL1	1	1	-0.6726137545934296	-0.16135585774021521
RANGAP1	1	2	0.7793642873563076	0.48991388333405167
PACSIN2	3	1	-0.40257800010511424	-5.299510965820486e-4
LDOC1L	1	0	0.05836261439968915	0.21756568980146618
ARSA	5	0	2.4230288130901503	0.8475417634022833
HCCS	1	2	-3.3262323971258483	-3.999174662344636
RAB9A	1	0	0.27955876905394206	0.236946659053082
SCML1	1	2	-0.24733267221867816	0.6151261928430158
CNKSR2	1	1	0	0
SAT1	1	0	0.9303863506729932	0.8395906912851601
ZFX	2	1	-0.5766436203213123	1.5319665254663786
MID1IP1	1	2	-0.6206349763738288	-0.8321878671540226
DDX3X	1	0	-0.2689525385086995	0.025616187159798187
ARAF	1	1	0.028558021969531833	0.0860443237012869
WDR13	1	1	-1.8806819060981712	-0.38007219902951506
CLCN5	2	2	4.060365644463586	1.0124517332160536
MAGED1	3	1	-16.051274578993237	-15.54818971955979
MAGED2	1	1	2.4765893970951405	0.13193647470354675
MAGEH1	1	0	-1.4597963819038071	-1.5531236378052888
UBQLN2	1	0	-0.1735549556791689	-0.2631907278481975
NONO	2	1	-0.5793195666070448	-0.22459695717773753
OGT	2	0	0.2669228442478726	-0.4328222621536355
UPRT	2	0	-0.3715803305966432	-0.36664699024843017
TCEAL2	2	0	0	0
ARMCX5	3	1	17.28661060598667	16.971610828360383
BEX4	1	1	-1.1808559528921556	-2.4665601029547126
WBP5	1	1	-0.5051575592601338	0.3148658123690078
NGFRAP1	3	1	0.5977007706699045	-0.6940363153706617
TCEAL4	4	2	1.6091455489292725	0.8130778867720618
TMSB15B	3	1	15.618839923932168	15.513215731482223
CXorf57	1	0	0.05032848407495294	0.8351467000183277
PRPS1	1	2	0.34203743968464456	0.5143332392694999
WDR44	2	0	0.656373740050606	0.009407559080047534
UBE2A	2	1	-0.7889924972979188	-0.7685408209508084
HPRT1	1	0	-0.5548043505478581	-0.5107202447840216
HTATSF1	1	0	-0.508188026408888	-0.7958114618325354
SLC6A8	1	1	-0.44985063052254803	-0.9253449562025704
PNPLA4	1	1	0	0
ACOT9	2	1	-0.07459854584378789	0.10258276821259393
KLHL15	1	0	0.20529518941904001	0.33593856891563334
TAB3	1	1	1.0669204280572888	1.347701802799035
CXorf38	2	1	0.9232963123259026	0.6249281774222872
TFE3	1	0	-0.2048556276717104	0.3306881134503321
PHF8	1	1	15.0188091787216	16.065988877092455
OPHN1	1	0	-0.5168743738392614	0.49018036382850383
ZMYM3	2	5	-12.111605831759036	-0.2832484404645417
RPS4X	2	0	-0.2156037413326075	-0.5400714059698011
BRWD3	1	0	1.976503969383769	0.9177850457896621
SYTL4	2	2	-1.3863766978945409	0.05814566476127165
ARMCX6	1	0	-0.1809803781533681	-0.5781351796537333
BEX2	2	0	0.2829008289709698	0.7027975781753639
ACSL4	1	1	-0.1396642896472824	-1.0292856952338503
AMOT	1	3	-0.5871049155703685	-0.5306893347802822
CXorf56	1	0	0.10141076153829331	-0.005196259632647582
RPL39	1	0	-0.0870822196879466	-0.5685105620368454
ZDHHC9	1	1	-0.33674991743967286	-0.8129568001453443
ELF4	2	0	1.018478565971762	0.9935252465277244
MBNL3	1	3	-0.49891200466051977	1.7734381387395464
ARHGEF6	2	1	0.523921568015238	-9.98242699305153
IDS	2	0	1.0010524404347159	-0.7903646149303807
CXorf40B	2	1	0.386472425712062	0.5267025352918668
BCAP31	1	2	-0.7068915335629997	-0.9375704682739858
LAGE3	1	0	-0.6447427086212869	-1.2264645247949009
TMLHE	2	0	0.6141617906375387	-0.10846387234300536
